No.,Symbol,Company Name,Market Cap,Stock Price,% Change,Revenue
1,MSFT,Microsoft Corporation,2984659139200,401.74,0.66%,227583000000
2,AAPL,Apple Inc,2573315425500,166.66,1.01%,385706000000
3,NVDA,NVIDIA Corporation,1995175250000,799.12,4.87%,60922000000
4,GOOGL,Alphabet Inc.,1960274911208,156.94,1.85%,307394000000
5,GOOG,Alphabet Inc.,1959040783285,158.49,1.78%,307394000000
6,AMZN,"Amazon.com, Inc.",1845777486080,177.56,1.68%,574785000000
7,META,"Meta Platforms, Inc.",1236996950465,485.38,0.90%,134902000000
8,AVGO,Broadcom Inc.,568126340740,1225.98,1.77%,38865000000
9,TSLA,"Tesla, Inc.",453822001803,142.38,-3.18%,96773000000
10,ASML,ASML Holding N.V.,344732218582,876.31,1.95%,28372065217
11,COST,Costco Wholesale Corporation,317491208480,716.18,0.94%,248828000000
12,PEP,"PepsiCo, Inc.",242765570900,176.55,1.39%,91471000000
13,AMD,"Advanced Micro Devices, Inc.",240881973200,149.16,1.72%,22680000000
14,NFLX,"Netflix, Inc.",240690293000,556.32,0.23%,33723297000
15,AZN,AstraZeneca PLC,217608067123,70.19,2.40%,45811000000
16,LIN,Linde plc,216034993600,448.62,0.52%,32854000000
17,ADBE,Adobe Inc.,210754040000,466.26,0.27%,19936000000
18,CSCO,"Cisco Systems, Inc.",196243993350,48.46,0.28%,57233000000
19,TMUS,"T-Mobile US, Inc.",193020668100,162.65,0.20%,78558000000
20,QCOM,QUALCOMM Incorporated,179932680000,161.29,2.32%,36292000000
21,INTU,Intuit Inc.,170887982440,610.62,0.90%,15094000000
22,PDD,PDD Holdings Inc.,163216925112,122.93,8.32%,34927955571
23,CMCSA,Comcast Corporation,160735161650,40.57,0.82%,121572000000
24,AMAT,"Applied Materials, Inc.",158136317040,190.35,0.31%,26485000000
25,TXN,Texas Instruments Incorporated,149131695770,163.96,2.68%,17519000000
26,AMGN,Amgen Inc.,145791404760,272.09,1.18%,28190000000
27,INTC,Intel Corporation,145733663600,34.47,0.79%,54228000000
28,ISRG,"Intuitive Surgical, Inc.",131330443480,370.66,1.18%,7318500000
29,HON,Honeywell International Inc.,127801584720,195.99,0.89%,36662000000
30,MU,"Micron Technology, Inc.",121533857500,109.85,2.88%,18312000000
31,BKNG,Booking Holdings Inc.,118766094440,3475.31,1.77%,21365000000
32,LRCX,Lam Research Corporation,114165147915,871.48,0.14%,14317147000
33,SNY,Sanofi,110304353292,47.01,1.53%,51604444444
34,VRTX,Vertex Pharmaceuticals Incorporated,104454795686,404.28,2.54%,9869200000
35,ADP,"Automatic Data Processing, Inc.",101407866260,246.97,1.50%,18586000000
36,ABNB,"Airbnb, Inc.",101182565458,156.65,1.05%,9917000000
37,SBUX,Starbucks Corporation,100222344000,88.52,1.03%,36687000000
38,REGN,"Regeneron Pharmaceuticals, Inc.",97903049120,906.77,1.11%,13117200000
39,ARM,Arm Holdings plc,96001675903,93.39,7.11%,2955000000
40,ADI,"Analog Devices, Inc.",93198469980,187.97,2.51%,11568613000
41,MDLZ,"Mondelez International, Inc.",92921661984,69.02,1.33%,36016000000
42,PANW,"Palo Alto Networks, Inc.",91169934750,282.31,1.66%,7527400000
43,KLAC,KLA Corporation,85934107215,636.01,1.25%,9671427000
44,GILD,"Gilead Sciences, Inc.",83776058389,67.19,0.64%,27116000000
45,SNPS,"Synopsys, Inc.",78749695920,516.27,1.09%,6130509000
46,CME,CME Group Inc.,77830204500,216.12,1.45%,5578900000
47,CDNS,"Cadence Design Systems, Inc.",77809866435,285.40,1.84%,4089986000
48,EQIX,"Equinix, Inc.",71335546567,753.90,0.79%,8188136000
49,CRWD,"CrowdStrike Holdings, Inc.",70151534229,290.07,2.63%,3055555000
50,MELI,"MercadoLibre, Inc.",69449861286,1369.27,0.95%,14473000000
51,MAR,"Marriott International, Inc.",69068226150,238.54,1.08%,23713000000
52,CSX,CSX Corporation,67836071000,34.71,1.06%,14632000000
53,CTAS,Cintas Corporation,67611899310,666.31,0.76%,9410151000
54,PYPL,"PayPal Holdings, Inc.",66584743200,63.28,1.55%,29771000000
55,WDAY,"Workday, Inc.",66396039747,253.58,0.54%,7259000000
56,ORLY,"O'Reilly Automotive, Inc.",64570690884,1094.09,0.29%,15812250000
57,NTES,"NetEase, Inc.",59719883364,95.22,1.83%,14593534415
58,PCAR,PACCAR Inc,59333765417,113.24,1.84%,35127400000
59,CEG,Constellation Energy Corporation,57695492905,183.15,1.24%,24918000000
60,ROP,"Roper Technologies, Inc.",57677901570,538.80,0.83%,6177800000
61,NXPI,NXP Semiconductors N.V.,56210291550,219.55,2.06%,13276000000
62,MNST,Monster Beverage Corporation,55726272000,53.56,0.79%,7140027000
63,MRVL,"Marvell Technology, Inc.",54731200000,63.24,1.79%,5507700000
64,COIN,"Coinbase Global, Inc.",54587019905,225.25,6.75%,3108383000
65,CPRT,"Copart, Inc.",51346878110,53.39,0.96%,4059987000
66,DXCM,"DexCom, Inc.",50887980000,132.00,0.99%,3622300000
67,TEAM,Atlassian Corporation,50726116388,195.70,2.17%,3892436000
68,FTNT,"Fortinet, Inc.",48847337043,64.01,0.96%,5304800000
69,IBKR,"Interactive Brokers Group, Inc.",47680539728,113.22,1.50%,4340000000
70,ADSK,"Autodesk, Inc.",46445224800,217.12,0.29%,5346000000
71,KHC,The Kraft Heinz Company,46243372000,38.12,0.90%,26640000000
72,ODFL,"Old Dominion Freight Line, Inc.",46082674170,211.79,-0.01%,5866152000
73,MCHP,Microchip Technology Incorporated,45516881240,84.28,3.18%,8541300000
74,ROST,"Ross Stores, Inc.",44942873745,134.07,0.55%,20376941000
75,AEP,"American Electric Power Company, Inc.",44652059015,84.87,0.80%,18982300000
76,LULU,Lululemon Athletica Inc.,43900720880,363.14,3.03%,9619278000
77,KDP,Keurig Dr Pepper Inc.,43896409650,31.64,0.44%,14814000000
78,PAYX,"Paychex, Inc.",43782299690,121.63,1.77%,5212800000
79,KSPI,Kaspi.kz JSC,43736307685,115.12,-0.52%,4289563990
80,SMCI,"Super Micro Computer, Inc.",42108276672,719.65,0.84%,9252753000
81,DDOG,"Datadog, Inc.",40435538882,121.87,1.48%,2128359000
82,MRNA,"Moderna, Inc.",40083707200,104.59,3.14%,6848000000
83,IDXX,"IDEXX Laboratories, Inc.",39968078635,481.14,1.01%,3660953000
84,FAST,Fastenal Company,38709902670,67.61,0.07%,7382700000
85,GEHC,GE HealthCare Technologies Inc.,38555097511,84.69,0.24%,19552000000
86,CHTR,"Charter Communications, Inc.",38237744380,264.95,-0.10%,54607000000
87,TTD,"The Trade Desk, Inc.",38232425822,78.25,1.23%,1946120000
88,EXC,Exelon Corporation,37789983000,37.82,0.71%,21727000000
89,JD,"JD.com, Inc.",36572707694,26.87,5.33%,152984767278
90,FANG,"Diamondback Energy, Inc.",36201236600,203.04,1.15%,8412000000
91,ACGL,Arch Capital Group Ltd.,35379924950,94.27,1.44%,13634000000
92,BIDU,"Baidu, Inc.",35218242903,97.75,2.84%,18984203103
93,NDAQ,"Nasdaq, Inc.",35173117310,61.09,1.23%,6064000000
94,CSGP,"CoStar Group, Inc.",34894464960,85.42,1.38%,2455000000
95,EA,Electronic Arts Inc.,34041675500,127.35,0.06%,7657000000
96,CTSH,Cognizant Technology Solutions Corporation,34008411600,68.37,1.38%,19353000000
97,BKR,Baker Hughes Company,32668723200,32.64,0.12%,25506000000
98,TCOM,Trip.com Group Limited,32628497432,49.41,2.93%,6277856135
99,VRSK,"Verisk Analytics, Inc.",32155207500,224.52,0.90%,2681400000
100,CDW,CDW Corporation,32024370075,238.62,1.20%,21376000000
101,CCEP,Coca-Cola Europacific Partners PLC,31706258600,69.11,2.26%,20335555556
102,XEL,Xcel Energy Inc.,30589732900,55.07,0.64%,14206000000
103,MPWR,"Monolithic Power Systems, Inc.",29263995485,601.50,1.69%,1821072000
104,FWONA,Formula One Group - Series A,28948659975,60.97,0.73%,12525000000
105,ANSS,"ANSYS, Inc.",28367262000,324.98,0.89%,2269949000
106,BIIB,Biogen Inc.,28188405120,193.92,-0.24%,9835600000
107,TSCO,Tractor Supply Company,27446530610,254.22,0.57%,14555741000
108,FWONK,Formula One Group - Series C,27271205882,68.62,0.76%,
109,WTW,Willis Towers Watson PLC,27210242715,265.51,0.37%,9483000000
110,DLTR,"Dollar Tree, Inc.",26501283225,121.60,-0.35%,30603800000
111,EBAY,eBay Inc.,26405050000,50.98,1.17%,10112000000
112,ON,ON Semiconductor Corporation,26013652875,60.96,0.41%,8253000000
113,ZS,"Zscaler, Inc.",25684162620,171.50,1.35%,1895508000
114,LI,Li Auto Inc.,25507447020,24.98,-5.33%,17468453032
115,GFS,GLOBALFOUNDRIES Inc.,25489778925,46.55,0.63%,7392000000
116,RYAAY,Ryanair Holdings plc,25249698870,141.36,1.79%,11712173913
117,FITB,Fifth Third Bancorp,25017930000,36.63,1.05%,8193000000
118,TROW,"T. Rowe Price Group, Inc.",24956433960,111.63,2.67%,6460500000
119,MDB,"MongoDB, Inc.",24755319216,340.37,3.94%,1683011000
120,ICLR,ICON PLC,24639636468,298.78,3.66%,8120176000
121,MBLY,Mobileye Global Inc.,24537652476,30.44,0.69%,2079000000
122,TW,Tradeweb Markets Inc.,23994747745,101.77,0.71%,1338219000
123,TTWO,"Take-Two Interactive Software, Inc.",23937480450,140.27,-0.23%,5396400000
124,VOD,Vodafone Group PLC,23382716500,8.64,3.54%,47567021277
125,APP,AppLovin Corporation,23307287429,68.10,1.95%,3283087000
126,FCNCA,"First Citizens BancShares, Inc.",23289461178,1621.11,3.43%,17412000000
127,ALGN,"Align Technology, Inc.",22762201941,302.26,1.10%,3862260000
128,FCNCO,"First Citizens BancShares, Inc.",22546682787,21.78,-0.41%,17412000000
129,MSTR,MicroStrategy Incorporated,22429196823,1321.85,12.58%,496261000
130,AXON,"Axon Enterprise, Inc.",22336382167,295.71,0.72%,1563391000
131,WDC,Western Digital Corporation,22071585550,67.72,2.52%,11257000000
132,ARGX,argenx SE,21959197139,369.26,2.51%,39481111
133,STLD,"Steel Dynamics, Inc.",21853857900,138.14,0.91%,18795316000
134,PTC,PTC Inc.,21299384320,178.25,1.07%,2181357000
135,SBAC,SBA Communications Corporation,21247742860,196.51,0.23%,2711584000
136,BNTX,BioNTech SE,20976918856,88.16,1.56%,4243333333
137,WBD,"Warner Bros. Discovery, Inc.",20700769650,8.49,1.01%,41321000000
138,NTAP,"NetApp, Inc.",20287890985,98.33,0.39%,6181000000
139,ULTA,"Ulta Beauty, Inc.",20117911473,416.90,0.82%,11207303000
140,LPLA,LPL Financial Holdings Inc.,19860337750,266.79,1.60%,10052848000
141,HBAN,Huntington Bancshares Incorporated,19602481650,13.47,1.43%,6958000000
142,DKNG,DraftKings Inc.,19459909112,41.09,1.00%,3665393000
143,PFG,"Principal Financial Group, Inc.",19167076500,81.52,1.34%,13665800000
144,ILMN,"Illumina, Inc.",19115670000,120.29,2.44%,4504000000
145,CINF,Cincinnati Financial Corporation,19054949290,121.60,1.38%,10013000000
146,GMAB,Genmab A/S,19012163764,29.07,1.29%,2440592593
147,FSLR,"First Solar, Inc.",19009422990,177.53,1.42%,3318602000
148,ENTG,"Entegris, Inc.",18813864210,124.79,2.12%,3523926000
149,VRSN,"VeriSign, Inc.",18673563000,185.14,0.55%,1493100000
150,ALNY,"Alnylam Pharmaceuticals, Inc.",18589076260,146.87,1.70%,1828292000
151,ZM,"Zoom Video Communications, Inc.",18395229451,59.84,0.66%,4527224000
152,CHKP,Check Point Software Technologies Ltd.,18025442900,159.59,1.04%,2414700000
153,COO,"The Cooper Companies, Inc.",17958598380,90.33,-0.10%,3666300000
154,HOLX,"Hologic, Inc.",17917093560,76.33,1.25%,3969300000
155,STX,Seagate Technology Holdings plc,17834623875,85.22,3.35%,6471000000
156,ERIE,Erie Indemnity Company,17788355430,385.42,1.01%,3268940000
157,UAL,"United Airlines Holdings, Inc.",17748785940,53.99,5.08%,54827000000
158,ERIC,Telefonaktiebolaget LM Ericsson (publ),17644346972,5.28,3.43%,26126091270
159,JBHT,"J.B. Hunt Transport Services, Inc.",17333414730,167.85,0.33%,12829665000
160,WMG,Warner Music Group Corp.,17110787018,33.04,0.21%,6297000000
161,EXPE,"Expedia Group, Inc.",17102754219,130.81,1.40%,12839000000
162,NTRS,Northern Trust Corporation,17037626690,83.53,2.55%,6749000000
163,BMRN,BioMarin Pharmaceutical Inc.,16969680500,89.44,0.91%,2419226000
164,TPG,TPG Inc.,16507513265,43.16,1.60%,2389911000
165,CG,The Carlyle Group Inc.,16418248760,45.36,2.90%,2963900000
166,CELH,"Celsius Holdings, Inc.",16081340440,69.05,0.31%,1318014000
167,SWKS,"Skyworks Solutions, Inc.",15768436320,98.35,2.33%,4644600000
168,WBA,"Walgreens Boots Alliance, Inc.",15731571555,18.24,-0.03%,144596000000
169,BSY,"Bentley Systems, Incorporated",15721130651,52.87,0.78%,1228413000
170,AKAM,"Akamai Technologies, Inc.",15329532450,101.16,-0.33%,3811920000
171,SSNC,"SS&C Technologies Holdings, Inc.",15183114240,61.43,1.00%,5502800000
172,HOOD,"Robinhood Markets, Inc.",15059705694,17.23,3.58%,1865000000
173,TER,"Teradyne, Inc.",15037344200,98.32,2.45%,2676298000
174,NDSN,Nordson Corporation,15004373670,262.31,1.05%,2651348000
175,OKTA,"Okta, Inc.",14997129020,93.64,1.75%,2263000000
176,ENPH,"Enphase Energy, Inc.",14951817465,110.29,3.57%,2290786000
177,NTNX,"Nutanix, Inc.",14667069870,60.03,2.17%,2019078000
178,SKYE,"Skye Bioscience, Inc.",14476095238,14.90,-7.68%,
179,TRMB,Trimble Inc.,14449787360,59.18,2.09%,3798700000
180,FOX,Fox Corporation,14415568522,29.07,0.69%,14557000000
181,BGNE,"BeiGene, Ltd.",14398708642,132.43,2.25%,2458779000
182,FOXA,Fox Corporation,14371972830,31.52,0.41%,14557000000
183,NICE,NICE Ltd.,14138991723,225.36,0.52%,2377508000
184,POOL,Pool Corporation,14111312502,367.71,1.82%,5541595000
185,ZBRA,Zebra Technologies Corporation,14087752252,273.94,2.19%,4584000000
186,MANH,"Manhattan Associates, Inc.",14066645376,228.80,1.09%,928725000
187,SAIA,"Saia, Inc.",14035938140,528.29,2.08%,2881433000
188,NWSA,News Corporation,14026147450,24.47,1.85%,9965000000
189,NWS,News Corporation,14015458400,25.23,1.80%,9965000000
190,LECO,"Lincoln Electric Holdings, Inc.",13533797575,238.14,-0.09%,4191636000
191,VTRS,Viatris Inc.,13377976050,11.26,0.04%,15426900000
192,HST,"Host Hotels & Resorts, Inc.",13344191230,18.97,1.36%,5311000000
193,NBIX,"Neurocrine Biosciences, Inc.",13234497500,132.97,0.73%,1887100000
194,LKQ,LKQ Corporation,13134716360,49.24,0.24%,13866000000
195,GEN,Gen Digital Inc.,13085315950,20.54,0.20%,3792000000
196,MORN,"Morningstar, Inc.",12969076905,303.35,1.81%,2038600000
197,LNT,Alliant Energy Corporation,12829155120,50.05,0.46%,4027000000
198,GRAB,Grab Holdings Limited,12805274500,3.35,-0.74%,2359000000
199,AZPN,"Aspen Technology, Inc.",12601413262,198.38,-0.05%,1056992000
200,PAA,"Plains All American Pipeline, L.P.",12549170900,17.90,-0.22%,48712000000
201,ARCC,Ares Capital Corporation,12536012820,20.65,0.29%,2614000000
202,RPRX,Royalty Pharma plc,12433671820,27.85,-1.12%,2354554000
203,SWAV,"ShockWave Medical, Inc.",12303105918,329.15,0.04%,730230000
204,LOGI,Logitech International S.A.,12139521680,78.32,1.31%,4247057000
205,SIRI,Sirius XM Holdings Inc.,12116443500,3.16,2.10%,8953000000
206,APA,APA Corporation,12068695520,32.55,0.57%,8192000000
207,JKHY,"Jack Henry & Associates, Inc.",12063976412,165.63,0.02%,2160254000
208,HTHT,H World Group Limited,12024155808,37.72,2.25%,3086318759
209,EVRG,"Evergy, Inc.",12019473600,52.33,1.10%,5508200000
210,INCY,Incyte Corporation,11725870350,52.24,-0.21%,3695649000
211,CASY,"Casey's General Stores, Inc.",11666340752,315.18,1.54%,14591599000
212,FLEX,Flex Ltd.,11659897655,27.69,2.29%,29387000000
213,CHK,Chesapeake Energy Corporation,11651218511,89.08,1.79%,8721000000
214,MEDP,"Medpace Holdings, Inc.",11625169842,377.88,1.58%,1885842000
215,XP,XP Inc.,11608403341,21.18,0.76%,3051354415
216,LAMR,Lamar Advertising Company,11606902877,114.20,2.48%,2110987000
217,PODD,Insulet Corporation,11546010025,165.01,-0.75%,1697100000
218,GLPI,"Gaming and Leisure Properties, Inc.",11545771840,43.24,1.03%,1440392000
219,DOCU,"DocuSign, Inc.",11461479131,55.84,0.25%,2761882000
220,EXAS,Exact Sciences Corporation,11363840600,62.67,2.80%,2499766000
221,UTHR,United Therapeutics Corporation,11180393723,237.45,-0.20%,2327500000
222,SRPT,"Sarepta Therapeutics, Inc.",11030355885,117.38,1.52%,1243336000
223,WYNN,"Wynn Resorts, Limited",10959031930,97.86,3.02%,6531897000
224,REG,Regency Centers Corporation,10936773060,59.20,1.41%,1322466000
225,BRKR,Bruker Corporation,10774132460,78.29,0.68%,2964500000
226,FFIV,"F5, Inc.",10615695224,180.61,1.85%,2805388000
227,NTRA,"Natera, Inc.",10579506080,88.82,4.15%,1082571000
228,WING,Wingstop Inc.,10475097195,357.15,2.81%,460055000
229,EWBC,"East West Bancorp, Inc.",10443437400,74.60,2.36%,2482518000
230,QRVO,"Qorvo, Inc.",10364481475,107.38,2.38%,3461221000
231,ALAB,"Astera Labs, Inc.",10244694568,67.33,4.40%,115794000
232,TXRH,"Texas Roadhouse, Inc.",10222694457,152.94,1.47%,4631672000
233,DOX,Amdocs Limited,10101888420,86.74,0.70%,4947029000
234,CYBR,CyberArk Software Ltd.,9969177442,235.65,0.83%,751888000
235,ZG,"Zillow Group, Inc.",9958323927,41.56,1.27%,1945000000
236,TECH,Bio-Techne Corporation,9940822080,63.24,1.80%,1144999000
237,Z,"Zillow Group, Inc.",9919552677,42.24,1.00%,1945000000
238,TTEK,"Tetra Tech, Inc.",9892353328,185.12,0.24%,4856052000
239,AFRM,"Affirm Holdings, Inc.",9810765904,31.99,3.16%,1914460000
240,OTEX,Open Text Corporation,9649436150,35.46,1.16%,5695801000
241,CART,Maplebear Inc.,9635265524,36.16,2.64%,3042000000
242,AAL,American Airlines Group Inc.,9546059741,14.56,3.15%,52788000000
243,HSIC,"Henry Schein, Inc.",9270422840,72.13,1.79%,12339000000
244,LSCC,Lattice Semiconductor Corporation,9169791800,66.73,0.33%,737154000
245,PCTY,Paylocity Holding Corporation,9041471357,160.38,2.01%,1292257000
246,ESLT,Elbit Systems Ltd.,9023812348,202.44,0.47%,5974744000
247,MNDY,monday.com Ltd.,8976067933,183.40,2.99%,729695000
248,WWD,"Woodward, Inc.",8971210830,148.77,0.87%,3082677000
249,CHDN,Churchill Downs Incorporated,8904282177,120.86,1.59%,2461700000
250,DUOL,"Duolingo, Inc.",8840995527,206.31,3.08%,531109000
251,SEIC,SEI Investments Company,8837942400,67.19,1.60%,1919793000
252,RGEN,Repligen Corporation,8830238263,158.35,0.77%,638764000
253,MTCH,"Match Group, Inc.",8617925860,32.16,-0.08%,3364504000
254,ROIV,Roivant Sciences Ltd.,8610464510,10.68,2.06%,123241000
255,LEGN,Legend Biotech Corporation,8558914150,47.05,1.86%,285143000
256,RIVN,"Rivian Automotive, Inc.",8547241113,8.82,2.14%,4434000000
257,PPC,Pilgrim's Pride Corporation,8543419280,36.10,0.92%,17362217000
258,CFLT,"Confluent, Inc.",8529850165,27.24,1.30%,776952000
259,WFRD,Weatherford International plc,8382518472,115.93,2.78%,5135000000
260,ROKU,"Roku, Inc.",8368763282,58.31,2.48%,3484619000
261,CHRW,"C.H. Robinson Worldwide, Inc.",8322639200,71.21,-0.01%,17596443000
262,CZR,"Caesars Entertainment, Inc.",8299431000,38.38,0.47%,11528000000
263,FIVE,"Five Below, Inc.",8150491356,147.56,-1.82%,3559369000
264,ASND,Ascendis Pharma A/S,8078306596,142.25,1.48%,296353333
265,LNW,"Light & Wonder, Inc.",8059484796,89.74,2.92%,2902000000
266,LSXMK,Liberty SiriusXM Group - Series C,8056944265,24.67,1.36%,
267,LSXMA,Liberty SiriusXM Group - Series A,8012765748,24.80,1.18%,
268,GTLB,GitLab Inc.,8003664000,52.48,1.92%,579906000
269,DBX,"Dropbox, Inc.",8002791459,23.27,1.24%,2501600000
270,GNTX,Gentex Corporation,7959852420,34.38,1.39%,2299215044
271,LSXMB,Liberty SiriusXM Group - Series B,7949176539,26.45,6.74%,
272,ETSY,"Etsy, Inc.",7943703680,67.03,0.40%,2748377000
273,APPF,"AppFolio, Inc.",7858953270,215.60,3.41%,620445000
274,RGLD,"Royal Gold, Inc.",7857077323,119.60,-2.55%,605717000
275,DSGX,The Descartes Systems Group Inc.,7827511815,91.90,1.75%,572931000
276,BZ,Kanzhun Limited,7815490117,18.33,2.72%,839496192
277,PARA,Paramount Global,7783648400,12.51,0.52%,29652000000
278,COKE,"Coca-Cola Consolidated, Inc.",7781379619,829.45,1.50%,6653858000
279,HAS,"Hasbro, Inc.",7773683910,56.02,1.36%,5003300000
280,FUTU,Futu Holdings Limited,7755046648,55.59,1.50%,1281487580
281,MKTX,MarketAxess Holdings Inc.,7711302874,204.57,0.27%,752547000
282,PARAA,Paramount Global,7699516769,22.61,-0.92%,29652000000
283,MIDD,The Middleby Corporation,7688335662,143.51,0.64%,4036605000
284,CROX,"Crocs, Inc.",7680889560,126.96,5.33%,3962347000
285,CERE,"Cerevel Therapeutics Holdings, Inc.",7663415080,42.21,,
286,SOFI,"SoFi Technologies, Inc.",7659446851,7.25,1.97%,2122789000
287,CHRD,Chord Energy Corporation,7637635256,183.76,2.09%,3896641000
288,MKSI,"MKS Instruments, Inc.",7400233944,110.32,1.99%,3622000000
289,IEP,Icahn Enterprises L.P.,7257093195,16.95,-0.29%,10847000000
290,OLED,Universal Display Corporation,7239595132,152.89,2.05%,576429000
291,ITCI,"Intra-Cellular Therapies, Inc.",7196647248,74.38,2.77%,464370000
292,AAON,"AAON, Inc.",7183750000,87.44,2.37%,1168518000
293,AMKR,"Amkor Technology, Inc.",7175418250,29.15,2.28%,6503065000
294,CBSH,"Commerce Bancshares, Inc.",7174730173,55.25,2.59%,1535723000
295,WSC,WillScot Mobile Mini Holdings Corp.,7168555685,37.74,-1.89%,2364767000
296,LBRDK,Liberty Broadband Corporation,7162511306,50.07,0.38%,981000000
297,LBRDA,Liberty Broadband Corporation,7161632162,50.35,0.50%,981000000
298,FTAI,FTAI Aviation Ltd,7144532420,71.21,3.90%,1170896000
299,MASI,Masimo Corporation,7128995436,134.79,0.01%,2048100000
300,VKTX,"Viking Therapeutics, Inc.",7026516682,64.47,1.66%,
301,CCCS,CCC Intelligent Solutions Holdings Inc.,7002541018,11.40,-0.39%,866378000
302,HQY,"HealthEquity, Inc.",7002109422,81.26,0.46%,999587000
303,VNOM,Viper Energy Partners LP,6985783639,39.50,1.18%,827697000
304,UFPI,"UFP Industries, Inc.",6981797753,113.46,1.49%,7218384000
305,CYTK,"Cytokinetics, Incorporated",6960578560,66.51,-1.54%,7530000
306,MTSI,"MACOM Technology Solutions Holdings, Inc.",6931413678,96.13,3.58%,625451000
307,ALTR,Altair Engineering Inc.,6905256319,82.58,0.32%,612701000
308,PCVX,"Vaxcyte, Inc.",6847466640,62.95,3.48%,
309,FSV,FirstService Corporation,6814516242,151.62,1.50%,4334548000
310,WIX,Wix.com Ltd.,6800473218,122.18,0.63%,1561665000
311,JAZZ,Jazz Pharmaceuticals plc,6798131512,109.02,-0.84%,3834204000
312,EXEL,"Exelixis, Inc.",6753868000,22.92,1.75%,1830208000
313,CGNX,Cognex Corporation,6752565300,39.31,2.21%,837547000
314,CHX,ChampionX Corporation,6749917380,35.51,-0.06%,3758285000
315,SFM,"Sprouts Farmers Market, Inc.",6682016240,66.01,1.32%,6837384000
316,PAAS,Pan American Silver Corp.,6662283244,18.26,-4.25%,2316100000
317,ENSG,"The Ensign Group, Inc.",6660203050,117.51,-0.64%,3729355000
318,LBTYB,Liberty Global plc,6648183084,16.33,-0.85%,7491400000
319,MMYT,MakeMyTrip Limited,6628051229,63.00,3.45%,728160000
320,LYFT,"Lyft, Inc.",6545445200,16.74,3.62%,4403589000
321,MAT,"Mattel, Inc.",6538342830,18.52,2.58%,5441219000
322,LBTYA,Liberty Global plc,6527198860,16.47,-1.76%,7491400000
323,ACHC,"Acadia Healthcare Company, Inc.",6504151323,70.48,0.46%,2928738000
324,LBTYK,Liberty Global plc,6500997896,17.00,-2.24%,7491400000
325,SAIC,Science Applications International Corporation,6479033538,125.51,0.45%,7444000000
326,CACC,Credit Acceptance Corporation,6477529500,523.38,-2.26%,1901900000
327,AGNC,AGNC Investment Corp.,6396823575,9.20,0.55%,251000000
328,NXT,Nextracker Inc.,6370381923,44.01,0.02%,2281721000
329,PNFP,"Pinnacle Financial Partners, Inc.",6345019800,82.36,3.60%,1601775000
330,XRAY,DENTSPLY SIRONA Inc.,6317313795,30.47,-0.11%,3965000000
331,SPSC,"SPS Commerce, Inc.",6307709223,170.21,2.85%,536910000
332,QLYS,"Qualys, Inc.",6243432219,168.84,3.23%,554458000
333,SIGI,"Selective Insurance Group, Inc.",6241254056,102.96,0.45%,4232106000
334,HLNE,Hamilton Lane Incorporated,6208297000,111.29,1.09%,489965000
335,BPOP,"Popular, Inc.",6182052240,85.51,2.78%,2573639000
336,ZION,"Zions Bancorporation,NA",6181026600,41.74,4.56%,2983000000
337,WTFC,Wintrust Financial Corporation,6148995294,99.57,2.32%,2157580000
338,LSTR,"Landstar System, Inc.",6124342549,171.48,0.39%,5303322000
339,BECN,"Beacon Roofing Supply, Inc.",6113547246,96.36,1.90%,9119800000
340,IONS,"Ionis Pharmaceuticals, Inc.",6028302720,41.41,1.79%,787647000
341,RMBS,Rambus Inc.,6002513590,55.31,1.15%,461117000
342,NSIT,"Insight Enterprises, Inc.",5991056466,183.79,0.66%,9175840000
343,RVMD,"Revolution Medicines, Inc.",5988128400,36.37,4.15%,11580000
344,ZI,ZoomInfo Technologies Inc.,5968915440,15.73,1.26%,1239500000
345,REYN,Reynolds Consumer Products Inc.,5941454025,28.28,0.32%,3756000000
346,FCFS,"FirstCash Holdings, Inc",5921314033,131.17,0.58%,3151796000
347,APLS,"Apellis Pharmaceuticals, Inc.",5810846580,48.19,1.39%,396591000
348,BOKF,BOK Financial Corporation,5794106789,89.71,2.12%,2016129000
349,NFE,New Fortress Energy Inc.,5783312131,28.21,0.53%,2413296000
350,LFUS,"Littelfuse, Inc.",5727503905,229.90,1.39%,2362657000
351,VFS,VinFast Auto Ltd.,5657633784,2.42,-4.17%,1335712071
352,BPMC,Blueprint Medicines Corporation,5640719476,92.50,6.51%,249380000
353,GGAL,Grupo Financiero Galicia S.A.,5581684290,31.00,8.92%,8725516100
354,FRSH,Freshworks Inc.,5545852781,18.13,3.07%,596432000
355,DRS,"Leonardo DRS, Inc.",5515658444,21.02,0.31%,2826000000
356,NOVT,Novanta Inc.,5514145526,154.11,3.15%,881662000
357,GLBE,Global-e Online Ltd.,5486467930,33.01,0.03%,569946000
358,LCID,"Lucid Group, Inc.",5485619250,2.38,-2.65%,595271000
359,NXST,"Nexstar Media Group, Inc.",5419428420,162.38,-1.74%,4933000000
360,GRFS,"Grifols, S.A.",5400449795,6.31,0.40%,7324418889
361,FYBR,"Frontier Communications Parent, Inc.",5398185240,21.96,1.20%,5736000000
362,CWST,"Casella Waste Systems, Inc.",5387189850,94.47,1.11%,1264542000
363,TENB,"Tenable Holdings, Inc.",5355560800,45.34,1.13%,798710000
364,OPCH,"Option Care Health, Inc.",5325521110,30.70,-1.22%,4302324000
365,ONB,Old National Bancorp,5234194600,16.52,2.07%,1777608000
366,OZK,Bank OZK,5222905800,45.39,0.99%,2085144000
367,DOOO,BRP Inc.,5172670969,69.28,-0.14%,7736567164
368,LANC,Lancaster Colony Corporation,5126611880,186.21,-0.35%,1867084000
369,ALGM,"Allegro MicroSystems, Inc.",5075351280,26.29,0.77%,1078231000
370,FRPT,"Freshpet, Inc.",5064203499,104.87,0.17%,766895000
371,COOP,Mr. Cooper Group Inc.,5060936348,78.35,1.03%,1794000000
372,RCM,R1 RCM Inc.,5030751600,11.97,-0.17%,2254200000
373,CIGI,Colliers International Group Inc.,4985802822,107.95,1.63%,4335141000
374,HALO,"Halozyme Therapeutics, Inc.",4939859520,38.88,0.62%,829253000
375,EXLS,"ExlService Holdings, Inc.",4918811280,29.67,1.19%,1630668000
376,DJT,Trump Media & Technology Group Corp.,4917119863,36.00,-1.04%,4131100
377,MARA,"Marathon Digital Holdings, Inc.",4906630400,17.37,5.27%,387508000
378,PEGA,Pegasystems Inc.,4889144350,58.25,1.11%,1432616000
379,HCP,"HashiCorp, Inc.",4886981471,24.39,1.75%,583137000
380,EEFT,"Euronet Worldwide, Inc.",4811303943,105.13,2.03%,3688000000
381,VRNS,"Varonis Systems, Inc.",4806031200,44.07,1.67%,499160000
382,BILI,Bilibili Inc.,4787531059,11.73,7.52%,3177431171
383,CRSP,CRISPR Therapeutics AG,4784860347,56.26,2.20%,371206000
384,ACT,"Enact Holdings, Inc.",4776452180,30.02,0.84%,1153686000
385,SLM,SLM Corporation,4765068750,21.63,2.56%,1463866000
386,SRCL,"Stericycle, Inc.",4735732836,51.16,2.50%,2659300000
387,FELE,"Franklin Electric Co., Inc.",4732979698,102.67,1.21%,2065133000
388,NVMI,Nova Ltd.,4702701773,161.93,1.26%,517922000
389,UBSI,"United Bankshares, Inc.",4691641045,34.77,1.76%,1024029000
390,BCPC,Balchem Corporation,4682246632,144.65,0.82%,922439000
391,BBIO,"BridgeBio Pharma, Inc.",4673460324,25.33,2.38%,9303000
392,PTEN,"Patterson-UTI Energy, Inc.",4659511680,11.42,-0.78%,4146456000
393,COLM,Columbia Sportswear Company,4638352449,77.57,1.33%,3487203000
394,STNE,StoneCo Ltd.,4606545260,15.36,0.36%,2475359959
395,VERX,"Vertex, Inc.",4591454082,29.76,4.02%,572387000
396,OLLI,"Ollie's Bargain Outlet Holdings, Inc.",4565812654,74.38,1.60%,2102662000
397,CRUS,"Cirrus Logic, Inc.",4563979700,84.53,3.06%,1789885000
398,WIRE,Encore Wire Corporation,4536150970,287.26,1.01%,2567722000
399,MDGL,"Madrigal Pharmaceuticals, Inc.",4525170480,216.07,1.90%,
400,KRYS,"Krystal Biotech, Inc.",4482962470,158.33,-0.13%,50699000
401,NVEI,Nuvei Corporation,4482266143,32.12,0.16%,1189893000
402,ESGR,Enstar Group Limited,4412197944,289.64,1.60%,1429000000
403,LNTH,"Lantheus Holdings, Inc.",4366724180,63.66,-0.24%,1296429000
404,FFIN,"First Financial Bankshares, Inc.",4352508480,30.49,1.60%,481181000
405,AUR,"Aurora Innovation, Inc.",4321582433,2.79,-0.54%,
406,AVT,"Avnet, Inc.",4308089398,47.68,2.19%,25609789000
407,FIVN,"Five9, Inc.",4303538154,58.69,2.80%,910488000
408,ASO,"Academy Sports and Outdoors, Inc.",4284262932,57.59,0.74%,6159291000
409,CLSK,"CleanSpark, Inc.",4270657680,18.93,10.09%,214375000
410,ALPN,"Alpine Immune Sciences, Inc.",4224773811,64.46,-0.14%,58876000
411,MMSI,"Merit Medical Systems, Inc.",4222517700,72.87,1.17%,1257366000
412,DLO,DLocal Limited,4217387065,14.24,-2.13%,650351000
413,AVAV,"AeroVironment, Inc.",4216416002,149.85,-0.11%,705782000
414,BLKB,"Blackbaud, Inc.",4210652996,78.68,2.87%,1105432000
415,FIZZ,National Beverage Corp.,4207487674,45.00,-0.78%,1181078000
416,ITRI,"Itron, Inc.",4200484134,91.68,2.23%,2173633000
417,CVLT,"Commvault Systems, Inc.",4172957420,95.63,0.80%,819433000
418,IAC,IAC Inc.,4169308514,48.50,1.04%,4365235000
419,IQ,"iQIYI, Inc.",4159207904,4.34,5.99%,4495437377
420,IPAR,"Inter Parfums, Inc.",4154175141,129.73,1.45%,1317675000
421,IMVT,"Immunovant, Inc.",4146676749,28.59,1.31%,
422,NUVL,"Nuvalent, Inc.",4116665758,64.24,2.36%,
423,SATS,EchoStar Corporation,4104002369,15.12,3.92%,17015598000
424,PECO,"Phillips Edison & Company, Inc.",4067357510,33.25,0.70%,610124000
425,UMBF,UMB Financial Corporation,4060216930,83.28,2.26%,1420742000
426,WEN,The Wendy's Company,4058980830,19.76,2.62%,2181578000
427,CRVL,CorVel Corporation,4053913245,237.16,1.19%,773521000
428,EXPO,"Exponent, Inc.",4049101056,80.11,1.19%,536766000
429,VLY,Valley National Bancorp,4022735925,7.91,2.53%,1841023000
430,ALKS,Alkermes plc,4019013180,24.06,0.88%,1663405000
431,FROG,JFrog Ltd.,4014114560,37.78,1.72%,349886000
432,BRZE,"Braze, Inc.",4003246209,39.73,2.03%,471800000
433,VRRM,Verra Mobility Corporation,3982843790,24.00,2.17%,817310000
434,IPGP,IPG Photonics Corporation,3933550873,85.33,1.26%,1287439000
435,HWC,Hancock Whitney Corporation,3931319232,45.23,2.17%,1326976000
436,COLB,"Columbia Banking System, Inc.",3930513840,18.85,2.92%,1783899000
437,BGC,"BGC Group, Inc",3929929286,7.85,1.75%,2025401000
438,FRHC,Freedom Holding Corp.,3923785584,65.50,0.09%,1399432000
439,LOPE,"Grand Canyon Education, Inc.",3864894750,128.69,1.21%,960899000
440,RUSHA,"Rush Enterprises, Inc.",3825969386,49.24,1.09%,7925024000
441,SYM,Symbotic Inc.,3818747200,39.96,0.58%,1339029000
442,RUSHB,"Rush Enterprises, Inc.",3812017087,46.87,0.75%,7925024000
443,SLAB,Silicon Laboratories Inc.,3797984376,118.98,3.29%,782258000
444,PAGP,"Plains GP Holdings, L.P.",3697989960,18.77,0.03%,48712000000
445,CNXC,Concentrix Corporation,3664860167,55.50,0.56%,7881050000
446,CAR,"Avis Budget Group, Inc.",3656525916,103.04,1.36%,12008000000
447,CSWI,"CSW Industrials, Inc.",3650448150,235.29,1.47%,777665000
448,OMAB,"Grupo Aeroportuario del Centro Norte, SAB de CV",3650342687,74.89,-0.28%,612667762
449,INSM,Insmed Incorporated,3618007580,24.39,0.27%,305208000
450,POWI,"Power Integrations, Inc.",3613683150,63.52,1.00%,444538000
451,RARE,Ultragenyx Pharmaceutical Inc.,3611243802,43.92,3.66%,434249000
452,URBN,"Urban Outfitters, Inc.",3597917819,38.55,4.25%,5153237000
453,BL,"BlackLine, Inc.",3593081441,58.37,1.74%,589996000
454,ALVO,Alvotech,3556737260,13.33,0.83%,93382000
455,OTTR,Otter Tail Corporation,3538503430,84.64,0.46%,1349166000
456,IRTC,"iRhythm Technologies, Inc.",3525697228,113.88,1.60%,492681000
457,TSEM,Tower Semiconductor Ltd.,3520899168,31.76,2.47%,1422680000
458,TRIP,"Tripadvisor, Inc.",3518165841,25.53,1.96%,1788000000
459,RELY,"Remitly Global, Inc.",3511851317,18.63,0.62%,944285000
460,TIGO,Millicom International Cellular S.A.,3494942778,20.32,1.20%,5661000000
461,RDNT,"RadNet, Inc.",3480390564,47.67,2.46%,1616630000
462,ACIW,"ACI Worldwide, Inc.",3472256190,32.63,2.13%,1452579000
463,IBOC,International Bancshares Corporation,3463390422,55.69,2.33%,798866000
464,RRR,"Red Rock Resorts, Inc.",3446757906,58.21,1.42%,1724086000
465,TFSL,TFS Financial Corporation,3424674200,12.19,0.66%,301589000
466,IRDM,Iridium Communications Inc.,3418226350,28.14,2.70%,789303000
467,AXNX,"Axonics, Inc.",3415187664,66.94,-0.02%,366379000
468,CAMT,Camtek Ltd.,3409563945,75.55,1.16%,315375000
469,GT,The Goodyear Tire & Rubber Company,3401227620,11.97,0.76%,20066000000
470,IBRX,"ImmunityBio, Inc.",3400087840,5.07,-3.80%,622000
471,CRNX,"Crinetics Pharmaceuticals, Inc.",3398505495,43.64,1.56%,4013000
472,AEIS,"Advanced Energy Industries, Inc.",3398423040,91.11,1.57%,1655810000
473,NCNO,"nCino, Inc.",3371114755,29.52,0.36%,476543000
474,LLYVA,Liberty Live Group - Series A,3362112791,35.65,-0.45%,
475,LLYVK,Liberty Live Group - Series C,3361624559,37.11,-0.43%,
476,TXG,"10x Genomics, Inc.",3352772855,27.99,0.18%,618727000
477,AXSM,"Axsome Therapeutics, Inc.",3348901073,70.70,4.12%,270600000
478,PI,"Impinj, Inc.",3332284032,120.44,3.54%,307539000
479,ARCB,ArcBest Corporation,3320616864,141.40,2.44%,4427443000
480,SANM,Sanmina Corporation,3298040793,59.15,2.34%,8454038000
481,PCH,PotlatchDeltic Corporation,3283432600,41.29,0.24%,1024075000
482,SMPL,The Simply Good Foods Company,3269000129,32.82,-1.06%,1266087000
483,ABCB,Ameris Bancorp,3257535138,47.16,1.90%,935216000
484,ALRM,"Alarm.com Holdings, Inc.",3242192658,64.91,1.25%,881682000
485,MEOH,Methanex Corporation,3224491875,47.89,-0.04%,3723475000
486,FOLD,"Amicus Therapeutics, Inc.",3212290125,10.87,2.45%,399356000
487,PGNY,"Progyny, Inc.",3202815086,33.19,1.50%,1088598000
488,FTRE,Fortrea Holdings Inc.,3200482940,35.78,0.79%,3109000000
489,SWTX,"SpringWorks Therapeutics, Inc.",3189065496,43.21,7.76%,5447000
490,IOVA,"Iovance Biotherapeutics, Inc.",3188289405,11.42,0.97%,1189000
491,ACLS,"Axcelis Technologies, Inc.",3179710371,97.38,2.73%,1130604000
492,SYNA,Synaptics Incorporated,3160795512,80.31,-0.90%,1028600000
493,SBRA,"Sabra Health Care REIT, Inc.",3158503665,13.65,-0.11%,647514000
494,VCTR,"Victory Capital Holdings, Inc.",3150884931,48.99,3.20%,821028000
495,FORM,"FormFactor, Inc.",3146227128,40.55,-0.53%,663102000
496,SEDG,"SolarEdge Technologies, Inc.",3134789250,54.89,-1.64%,2976528000
497,DIOD,Diodes Incorporated,3126662788,68.06,1.74%,1661739000
498,BHF,"Brighthouse Financial, Inc.",3118952160,49.64,1.49%,4117000000
499,SHC,Sotera Health Company,3118222800,11.03,0.73%,1049288000
500,NWE,NorthWestern Corporation,3101755686,50.61,0.96%,1422143000